"key","context","english","indonesian","malay","status"
"meta.title","Browser title","Ethan's Chess — Play Multiplayer Chess with Friends","Catur Ethan — Main Catur Multipemain bersama Teman","Catur Ethan — Main Catur Berbilang Pemain bersama Rakan","draft"
"meta.description","SEO description","Play multiplayer chess with friends and family anywhere in the world. Real-time matches, leaderboard rankings, video chat, and more — free to play.","Main catur multipemain bersama teman dan keluarga di mana pun di dunia. Pertandingan langsung, peringkat papan skor, obrolan video, dan lainnya — gratis.","Main catur berbilang pemain bersama rakan dan keluarga di mana-mana sahaja. Perlawanan masa nyata, kedudukan papan pendahulu, sembang video dan banyak lagi — percuma.","draft"
"a11y.skip","Accessibility link","Skip to main content","Lewati ke konten utama","Langkau ke kandungan utama","draft"
"language.label","Language selector label","Language","Bahasa","Bahasa","draft"
"boot.preparing","Loading announcement","Preparing the chess table","Menyiapkan papan catur","Menyediakan papan catur","draft"
"brand.name","Product name","Ethan's Chess","Catur Ethan","Catur Ethan","draft"
"home.subtitle","Home introduction","Play chess with friends—wherever they are. Create a free account to invite friends, join live matches, and keep your wins.","Main catur bersama teman—di mana pun mereka berada. Buat akun gratis untuk mengundang teman, mengikuti pertandingan langsung, dan menyimpan kemenanganmu.","Main catur bersama rakan—di mana-mana sahaja mereka berada. Cipta akaun percuma untuk menjemput rakan, menyertai perlawanan langsung dan menyimpan kemenangan anda.","draft"
"home.invite_friends","","✓ Invite friends","✓ Undang teman","✓ Jemput rakan","draft"
"home.save_record","","✓ Save your record","✓ Simpan catatanmu","✓ Simpan rekod anda","draft"
"home.live_matches","","✓ Join live matches","✓ Ikuti pertandingan langsung","✓ Sertai perlawanan langsung","draft"
"home.eyebrow","","Your next game is waiting","Permainan berikutnya menunggumu","Permainan seterusnya menanti anda","draft"
"home.join_title","","Join the table","Bergabung di papan","Sertai meja permainan","draft"
"home.join_copy","","Start free. Your friends, progress, and match history stay with you.","Mulai gratis. Teman, progres, dan riwayat pertandinganmu tetap tersimpan.","Mula secara percuma. Rakan, kemajuan dan sejarah perlawanan anda kekal bersama anda.","draft"
"auth.continue_google","","Continue with Google","Lanjutkan dengan Google","Teruskan dengan Google","draft"
"auth.continue_apple","","Continue with Apple","Lanjutkan dengan Apple","Teruskan dengan Apple","draft"
"auth.or_email","","or sign up with email","atau daftar dengan email","atau daftar dengan e-mel","draft"
"auth.create_free","","Create Free Account","Buat Akun Gratis","Cipta Akaun Percuma","draft"
"auth.have_account","","Already have an account?","Sudah punya akun?","Sudah mempunyai akaun?","draft"
"auth.sign_in","","Sign in","Masuk","Log masuk","draft"
"auth.signed_in_as","","Signed in as","Masuk sebagai","Log masuk sebagai","draft"
"auth.edit_name","","Edit name","Edit nama","Edit nama","draft"
"auth.my_account","","My Account","Akun Saya","Akaun Saya","draft"
"auth.log_out","","Log out","Keluar","Log keluar","draft"
"common.save","","Save","Simpan","Simpan","draft"
"common.cancel","","Cancel","Batal","Batal","draft"
"common.close","","Close","Tutup","Tutup","draft"
"common.back","","Back","Kembali","Kembali","draft"
"common.refresh","","Refresh","Segarkan","Muat semula","draft"
"common.open","","Open","Buka","Buka","draft"
"common.open_arrow","","Open →","Buka →","Buka →","draft"
"common.accept","","Accept","Terima","Terima","draft"
"common.decline","","Decline","Tolak","Tolak","draft"
"common.confirm","","Confirm","Konfirmasi","Sahkan","draft"
"common.continue","","Continue","Lanjutkan","Teruskan","draft"
"common.send","","Send","Kirim","Hantar","draft"
"common.add","","Add","Tambah","Tambah","draft"
"common.next","","Next","Berikutnya","Seterusnya","draft"
"common.previous","","Previous","Sebelumnya","Sebelumnya","draft"
"common.try_again","","Try again","Coba lagi","Cuba lagi","draft"
"common.loading","","Loading…","Memuat…","Memuatkan…","draft"
"nav.single_player","","Single Player","Pemain Tunggal","Pemain Tunggal","draft"
"nav.find_buddy","","Find a Chess Buddy","Cari Teman Catur","Cari Rakan Catur","draft"
"nav.achievements","","🏆 Achievements","🏆 Pencapaian","🏆 Pencapaian","draft"
"home.setup_note","","Choose your color, customize your pieces, and start from the board you actually want to play on.","Pilih warna, sesuaikan buah catur, lalu mulai dari papan yang benar-benar ingin kamu mainkan.","Pilih warna, sesuaikan buah catur dan mula dari papan yang benar-benar anda mahu mainkan.","draft"
"home.still_here","","💡 Still here?","💡 Masih di sini?","💡 Masih di sini?","draft"
"home.invite_now","","Invite a friend and play a live game right now.","Undang teman dan mainkan pertandingan langsung sekarang.","Jemput rakan dan main perlawanan langsung sekarang.","draft"
"home.create_arrow","","Create free account →","Buat akun gratis →","Cipta akaun percuma →","draft"
"guest.try_first","","want to try it first?","ingin mencoba dulu?","mahu cuba dahulu?","draft"
"guest.play_gus","","Play Gambit Gus","Main melawan Gambit Gus","Main dengan Gambit Gus","draft"
"guest.name","","Guest name","Nama tamu","Nama tetamu","draft"
"guest.name_placeholder","","How should we call you?","Kami harus memanggilmu apa?","Apakah nama panggilan anda?","draft"
"setup.continue","","Continue to Game Setup","Lanjutkan ke Pengaturan Permainan","Teruskan ke Persediaan Permainan","draft"
"social.friends","","Friends","Teman","Rakan","draft"
"social.pending","","Pending","Menunggu","Menunggu","draft"
"social.sent","","Sent","Terkirim","Dihantar","draft"
"social.add_friend","","+ Add Friend","+ Tambah Teman","+ Tambah Rakan","draft"
"social.add_friend_plain","","Add Friend","Tambah Teman","Tambah Rakan","draft"
"social.share_invite","","Share Invite Link","Bagikan Tautan Undangan","Kongsi Pautan Jemputan","draft"
"social.add_email","","Add by email","Tambah lewat email","Tambah melalui e-mel","draft"
"social.send_request","","Send request","Kirim permintaan","Hantar permintaan","draft"
"social.friend_hint","","We will find their player account. They must accept before you become friends.","Kami akan mencari akun pemain mereka. Mereka harus menerima sebelum kalian menjadi teman.","Kami akan mencari akaun pemain mereka. Mereka mesti menerima sebelum anda menjadi rakan.","draft"
"family.title","","Family","Keluarga","Keluarga","draft"
"family.invites","","Family invites","Undangan keluarga","Jemputan keluarga","draft"
"family.empty","","Play together — create a family and add your kids.","Main bersama — buat keluarga dan tambahkan anak-anakmu.","Main bersama — cipta keluarga dan tambahkan anak-anak anda.","draft"
"family.create","","+ Family","+ Keluarga","+ Keluarga","draft"
"family.invite","","+ Invite to Family","+ Undang ke Keluarga","+ Jemput ke Keluarga","draft"
"family.add_child","","+ Add Child Account","+ Tambah Akun Anak","+ Tambah Akaun Kanak-kanak","draft"
"family.leave","","Leave Family","Keluar dari Keluarga","Tinggalkan Keluarga","draft"
"family.nickname","","Player nickname","Nama panggilan pemain","Nama panggilan pemain","draft"
"family.birth_year","","Child's birth year","Tahun lahir anak","Tahun kelahiran kanak-kanak","draft"
"family.parent_email","","Your (parent) email","Email Anda (orang tua)","E-mel anda (ibu bapa)","draft"
"family.child_password","","Password for your child","Kata sandi untuk anak Anda","Kata laluan untuk anak anda","draft"
"family.create_child","","Create Child Account","Buat Akun Anak","Cipta Akaun Kanak-kanak","draft"
"home.leaderboard","","Leaderboard","Papan Peringkat","Papan Pendahulu","draft"
"leaderboard.all_time","","All Time","Sepanjang Waktu","Sepanjang Masa","draft"
"leaderboard.this_week","","This Week","Minggu Ini","Minggu Ini","draft"
"leaderboard.view_full","","View full leaderboard","Lihat papan peringkat lengkap","Lihat papan pendahulu penuh","draft"
"leaderboard.reset","","Reset","Atur ulang","Tetapkan semula","draft"
"leaderboard.full","","Full Leaderboard","Papan Peringkat Lengkap","Papan Pendahulu Penuh","draft"
"leaderboard.description","","Every ranked player, best to still-climbing.","Semua pemain berperingkat, dari yang terbaik hingga yang masih menanjak.","Semua pemain berkedudukan, daripada yang terbaik hingga yang masih meningkat.","draft"
"profile.title","","Player Profile","Profil Pemain","Profil Pemain","draft"
"profile.player","","Player","Pemain","Pemain","draft"
"profile.description","","Performance, match history, and player details.","Performa, riwayat pertandingan, dan detail pemain.","Prestasi, sejarah perlawanan dan butiran pemain.","draft"
"profile.signin_details","","Sign in to view player details","Masuk untuk melihat detail pemain","Log masuk untuk melihat butiran pemain","draft"
"profile.overview","","Overview","Ringkasan","Gambaran Keseluruhan","draft"
"profile.stats","","Stats","Statistik","Statistik","draft"
"profile.history","","History","Riwayat","Sejarah","draft"
"profile.journal","","Journal","Jurnal","Jurnal","draft"
"profile.coaching","","Coaching","Pelatihan","Bimbingan","draft"
"profile.account","","Account","Akun","Akaun","draft"
"profile.at_glance","","At a glance","Sekilas","Sekilas pandang","draft"
"profile.performance","","Performance snapshot","Ringkasan performa","Ringkasan prestasi","draft"
"profile.rating","","Rating","Rating","Penarafan","draft"
"profile.wins","","Wins","Menang","Menang","draft"
"profile.losses","","Losses","Kalah","Kalah","draft"
"profile.high_fives","","High Fives","Tos","Tepuk Lima","draft"
"profile.connection","","Connection","Koneksi","Hubungan","draft"
"profile.story_empty","","Your chess story starts with game one","Kisah caturmu dimulai dari permainan pertama","Kisah catur anda bermula dengan permainan pertama","draft"
"profile.play_game","","Play a Game","Mainkan Permainan","Main Satu Permainan","draft"
"profile.chess_stats","","Chess Stats","Statistik Catur","Statistik Catur","draft"
"profile.head_to_head","","Head-to-head","Head-to-head","Bersemuka","draft"
"profile.as_white","","As White","Sebagai Putih","Sebagai Putih","draft"
"profile.as_black","","As Black","Sebagai Hitam","Sebagai Hitam","draft"
"profile.vs_bot","","Vs. Bot","Lawan Bot","Lwn. Bot","draft"
"profile.vs_human","","Vs. Human","Lawan Manusia","Lwn. Manusia","draft"
"profile.account_safety","","Account Safety","Keamanan Akun","Keselamatan Akaun","draft"
"profile.delete_account","","Delete Account","Hapus Akun","Padam Akaun","draft"
"profile.deletion_scheduled","","Deletion scheduled","Penghapusan dijadwalkan","Pemadaman dijadualkan","draft"
"profile.keep_account","","Keep my account","Pertahankan akun saya","Kekalkan akaun saya","draft"
"history.match_history","","Match History","Riwayat Pertandingan","Sejarah Perlawanan","draft"
"history.signin_required","","Sign in required","Harus masuk","Log masuk diperlukan","draft"
"history.all","","All","Semua","Semua","draft"
"history.draws","","Draws","Remis","Seri","draft"
"history.any_color","","Any color","Warna apa pun","Sebarang warna","draft"
"history.white","","White","Putih","Putih","draft"
"history.black","","Black","Hitam","Hitam","draft"
"history.any_mode","","Any mode","Mode apa pun","Sebarang mod","draft"
"history.online","","Online","Daring","Dalam talian","draft"
"history.computer","","Computer","Komputer","Komputer","draft"
"history.page_one","","Page 1 of 1","Halaman 1 dari 1","Halaman 1 daripada 1","draft"
"journal.title","","My Chess Journal","Jurnal Catur Saya","Jurnal Catur Saya","draft"
"journal.last_day","","Last 24h","24 jam terakhir","24 jam lalu","draft"
"journal.seven_days","","7 days","7 hari","7 hari","draft"
"journal.since_entry","","Since last entry","Sejak catatan terakhir","Sejak catatan terakhir","draft"
"journal.write","","Write a new entry","Tulis catatan baru","Tulis catatan baharu","draft"
"coach.insights","","Coaching Insights","Wawasan Pelatihan","Pandangan Bimbingan","draft"
"coach.strong_moves","","Strong moves","Langkah kuat","Langkah kuat","draft"
"coach.missed_chances","","Missed chances","Peluang terlewat","Peluang terlepas","draft"
"coach.focus_area","","Focus area","Area fokus","Bidang tumpuan","draft"
"store.title","","Cosmetics Store","Toko Kosmetik","Kedai Kosmetik","draft"
"store.coins","","Ethan Coins","Koin Ethan","Syiling Ethan","draft"
"store.description","","Spend your coins on board themes, piece sets, victory effects, and flair.","Gunakan koin untuk tema papan, set buah catur, efek kemenangan, dan hiasan.","Gunakan syiling untuk tema papan, set buah catur, kesan kemenangan dan hiasan.","draft"
"store.balance","","Balance:","Saldo:","Baki:","draft"
"invite.challenge","","A friend challenged you to chess!","Seorang teman menantangmu bermain catur!","Seorang rakan mencabar anda bermain catur!","draft"
"invite.create_to_accept","","Create a free account to accept the challenge and start playing.","Buat akun gratis untuk menerima tantangan dan mulai bermain.","Cipta akaun percuma untuk menerima cabaran dan mula bermain.","draft"
"auth.welcome_back","","Welcome Back","Selamat Datang Kembali","Selamat Kembali","draft"
"auth.signin_title","","Sign in to Ethan's Chess","Masuk ke Catur Ethan","Log masuk ke Catur Ethan","draft"
"auth.identifier","","Username or email","Nama pengguna atau email","Nama pengguna atau e-mel","draft"
"auth.password","","Password","Kata sandi","Kata laluan","draft"
"auth.show","","Show","Tampilkan","Tunjukkan","draft"
"auth.forgot","","Forgot Password?","Lupa Kata Sandi?","Lupa Kata Laluan?","draft"
"auth.recovery","","Account Recovery","Pemulihan Akun","Pemulihan Akaun","draft"
"auth.reset_title","","Reset your password","Atur ulang kata sandi","Tetapkan semula kata laluan","draft"
"auth.email","","Email address","Alamat email","Alamat e-mel","draft"
"auth.send_reset","","Send Reset Code","Kirim Kode Atur Ulang","Hantar Kod Tetapan Semula","draft"
"auth.verification_code","","Verification code","Kode verifikasi","Kod pengesahan","draft"
"auth.new_password","","New password","Kata sandi baru","Kata laluan baharu","draft"
"auth.set_password","","Set New Password","Tetapkan Kata Sandi Baru","Tetapkan Kata Laluan Baharu","draft"
"auth.join","","Join Ethan's Chess","Bergabung dengan Catur Ethan","Sertai Catur Ethan","draft"
"auth.create_title","","Create your chess account","Buat akun caturmu","Cipta akaun catur anda","draft"
"auth.birth_year","","Year you were born","Tahun lahirmu","Tahun kelahiran anda","draft"
"auth.display_name","","Display name","Nama tampilan","Nama paparan","draft"
"auth.password_advice","","Use a password you don't use elsewhere.","Gunakan kata sandi yang tidak kamu pakai di tempat lain.","Gunakan kata laluan yang tidak anda gunakan di tempat lain.","draft"
"legal.before_match","","Before your first match","Sebelum pertandingan pertamamu","Sebelum perlawanan pertama anda","draft"
"legal.review_required","","Review required documents","Tinjau dokumen wajib","Semak dokumen yang diperlukan","draft"
"legal.review_documents","","Review your documents","Tinjau dokumenmu","Semak dokumen anda","draft"
"legal.review","","Review","Tinjau","Semak","draft"
"legal.sign_out","","Sign Out","Keluar","Log Keluar","draft"
"legal.required_document","","Required document","Dokumen wajib","Dokumen diperlukan","draft"
"legal.document","","Legal document","Dokumen hukum","Dokumen undang-undang","draft"
"legal.loading","","Loading document...","Memuat dokumen...","Memuatkan dokumen...","draft"
"legal.unavailable","","Document unavailable","Dokumen tidak tersedia","Dokumen tidak tersedia","draft"
"legal.read_end","","Read to the end to finish reviewing.","Baca sampai akhir untuk menyelesaikan peninjauan.","Baca hingga akhir untuk menyelesaikan semakan.","draft"
"legal.finished","","Finished reviewing","Selesai meninjau","Selesai menyemak","draft"
"setup.title","","Game setup","Pengaturan permainan","Persediaan permainan","draft"
"setup.one_of_three","","1 of 3","1 dari 3","1 daripada 3","draft"
"setup.two_of_three","","2 of 3","2 dari 3","2 daripada 3","draft"
"setup.three_of_three","","3 of 3","3 dari 3","3 daripada 3","draft"
"setup.choose_color","","Choose Your Color","Pilih Warnamu","Pilih Warna Anda","draft"
"setup.choose_piece_color","","Choose Your Piece Color","Pilih Warna Buah Caturmu","Pilih Warna Buah Catur Anda","draft"
"setup.choose_difficulty","","Choose Difficulty","Pilih Tingkat Kesulitan","Pilih Kesukaran","draft"
"setup.easy","","Easy","Mudah","Mudah","draft"
"setup.beginner","","For beginners","Untuk pemula","Untuk pemula","draft"
"setup.medium","","Medium","Sedang","Sederhana","draft"
"setup.challenge","","A real challenge","Tantangan sungguhan","Cabaran sebenar","draft"
"setup.hard","","Hard","Sulit","Sukar","draft"
"setup.expert","","Expert level","Tingkat ahli","Tahap pakar","draft"
"game.even","","Even","Seimbang","Seimbang","draft"
"game.white_turn","","White's turn","Giliran Putih","Giliran Putih","draft"
"game.tip","","Tip:","Kiat:","Petua:","draft"
"game.moves","","Moves","Langkah","Langkah","draft"
"game.chat","","Chat","Obrolan","Sembang","draft"
"game.more","","More","Lainnya","Lagi","draft"
"game.flip","","↻ Flip","↻ Balik","↻ Terbalikkan","draft"
"game.match_chat","","Match Chat","Obrolan Pertandingan","Sembang Perlawanan","draft"
"game.connecting","","Connecting…","Menghubungkan…","Menyambung…","draft"
"game.message_opponent","","Message your opponent","Kirim pesan kepada lawan","Mesej lawan anda","draft"
"game.chat_friends","","Chat is for friends","Obrolan hanya untuk teman","Sembang adalah untuk rakan","draft"
"game.add_opponent","","Add opponent","Tambah lawan","Tambah lawan","draft"
"game.hint","","Get Hint","Dapatkan Petunjuk","Dapatkan Petunjuk","draft"
"game.coach_off","","🧑‍🏫 Coach Mode: Off","🧑‍🏫 Mode Pelatih: Nonaktif","🧑‍🏫 Mod Jurulatih: Mati","draft"
"game.video_chat","","Video Chat","Obrolan Video","Sembang Video","draft"
"game.safety","","Safety","Keamanan","Keselamatan","draft"
"game.new_game","","New Game","Permainan Baru","Permainan Baharu","draft"
"game.resign","","Resign","Menyerah","Mengaku kalah","draft"
"game.leave","","Leave game","Keluar dari permainan","Tinggalkan permainan","draft"
"game.waiting","","Waiting for opponent…","Menunggu lawan…","Menunggu lawan…","draft"
"game.wait_time","","Time waiting","Waktu tunggu","Masa menunggu","draft"
"game.share_link","","Share this link with your friend:","Bagikan tautan ini kepada temanmu:","Kongsi pautan ini dengan rakan anda:","draft"
"game.copy","","Copy","Salin","Salin","draft"
"game.share","","📤 Share…","📤 Bagikan…","📤 Kongsi…","draft"
"game.send_contact","","👤 Send to Contact","👤 Kirim ke Kontak","👤 Hantar kepada Kenalan","draft"
"spectator.stop","","← Stop Watching","← Berhenti Menonton","← Berhenti Menonton","draft"
"spectator.flip","","Flip board","Balik papan","Terbalikkan papan","draft"
"spectator.loading","","Loading match…","Memuat pertandingan…","Memuatkan perlawanan…","draft"
"review.quick","","Quick Review","Tinjauan Singkat","Semakan Pantas","draft"
"review.prev_lesson","","Prev lesson","Pelajaran sebelumnya","Pelajaran sebelumnya","draft"
"review.next_lesson","","Next lesson","Pelajaran berikutnya","Pelajaran seterusnya","draft"
"review.try_here","","Try from here","Coba dari sini","Cuba dari sini","draft"
"review.takeaway","","One thing to remember","Satu hal yang perlu diingat","Satu perkara untuk diingati","draft"
"review.finish","","Finish review","Selesaikan tinjauan","Selesaikan semakan","draft"
"game.promote","","Promote Pawn","Promosikan Pion","Naikkan Pangkat Bidak","draft"
"game.game_over","","Game Over","Permainan Selesai","Permainan Tamat","draft"
"game.play_again","","Play Again","Main Lagi","Main Lagi","draft"
"game.main_menu","","Main Menu","Menu Utama","Menu Utama","draft"
"game.rematch","","Rematch","Tanding Ulang","Perlawanan Semula","draft"
"game.high_five","","🙌 High Five","🙌 Tos","🙌 Tepuk Lima","draft"
"game.unfinished","","Unfinished Game","Permainan Belum Selesai","Permainan Belum Selesai","draft"
"game.resume","","Resume Game","Lanjutkan Permainan","Sambung Permainan","draft"
"game.discard","","Discard","Buang","Buang","draft"
"safety.match","","Match Safety","Keamanan Pertandingan","Keselamatan Perlawanan","draft"
"safety.report","","Report Player","Laporkan Pemain","Laporkan Pemain","draft"
"safety.block","","Block Player","Blokir Pemain","Sekat Pemain","draft"
"safety.reason","","Reason","Alasan","Sebab","draft"
"safety.loading_reasons","","Loading reasons…","Memuat alasan…","Memuatkan sebab…","draft"
"safety.details","","Additional details (optional)","Detail tambahan (opsional)","Butiran tambahan (pilihan)","draft"
"safety.submit","","Submit Report","Kirim Laporan","Hantar Laporan","draft"
"queue.title","","You're in line","Kamu sedang mengantre","Anda sedang beratur","draft"
"queue.ahead","","Ahead of you","Di depanmu","Di hadapan anda","draft"
"queue.wait","","Est. wait","Perkiraan tunggu","Anggaran menunggu","draft"
"queue.leave","","Leave queue","Keluar dari antrean","Tinggalkan barisan","draft"
"video.calling","","Calling…","Memanggil…","Memanggil…","draft"
"video.microphone","","Microphone","Mikrofon","Mikrofon","draft"
"video.camera","","Camera","Kamera","Kamera","draft"
"video.end","","End call","Akhiri panggilan","Tamatkan panggilan","draft"
"privacy.button","","Privacy & Support","Privasi & Dukungan","Privasi & Sokongan","draft"
"privacy.analytics","","Optional game analytics","Analitik permainan opsional","Analitik permainan pilihan","draft"
"privacy.allow","","Allow analytics","Izinkan analitik","Benarkan analitik","draft"
"privacy.no_thanks","","No thanks","Tidak, terima kasih","Tidak, terima kasih","draft"
"privacy.policy","","Privacy policy","Kebijakan privasi","Dasar privasi","draft"
"privacy.choice","","Your information, your choice","Informasimu, pilihanmu","Maklumat anda, pilihan anda","draft"
"privacy.contact","","Contact support","Hubungi dukungan","Hubungi sokongan","draft"
"privacy.policy_title","","Privacy Policy","Kebijakan Privasi","Dasar Privasi","draft"
"privacy.terms","","Terms of Use","Ketentuan Penggunaan","Terma Penggunaan","draft"
"privacy.community","","Community Standards","Standar Komunitas","Piawaian Komuniti","draft"
"privacy.agreement_history","","AGS agreement history","Riwayat persetujuan AGS","Sejarah persetujuan AGS","draft"
"privacy.save_choice","","Save Choice","Simpan Pilihan","Simpan Pilihan","draft"
"toast.invite_join","","Someone signed up via your invite!","Seseorang mendaftar melalui undanganmu!","Seseorang mendaftar melalui jemputan anda!","draft"
"toast.club","","Welcome to Club!","Selamat datang di Klub!","Selamat datang ke Kelab!","draft"
"a11y.edit_name","","Edit display name","Edit nama tampilan","Edit nama paparan","draft"
"a11y.chess_board","","Chess board","Papan catur","Papan catur","draft"
"a11y.spectator_board","","Spectator chess board","Papan catur penonton","Papan catur penonton","draft"
"a11y.flip_board","","Flip board","Balik papan","Terbalikkan papan","draft"
"a11y.dismiss","","Dismiss","Tutup","Tutup","draft"
"a11y.show_password","","Show password","Tampilkan kata sandi","Tunjukkan kata laluan","draft"
"placeholder.new_name","","New display name","Nama tampilan baru","Nama paparan baharu","draft"
"placeholder.password","","Your password","Kata sandimu","Kata laluan anda","draft"
"placeholder.code","","Enter the code","Masukkan kode","Masukkan kod","draft"
"placeholder.new_password","","Choose a new password","Pilih kata sandi baru","Pilih kata laluan baharu","draft"
"placeholder.display_name","","What friends will see","Nama yang akan dilihat teman","Nama yang akan dilihat rakan","draft"
"placeholder.secure_password","","Choose a secure password","Pilih kata sandi yang aman","Pilih kata laluan yang selamat","draft"
"placeholder.phone_email","","Phone number or email","Nomor telepon atau email","Nombor telefon atau e-mel","draft"
"placeholder.takeaway","","One thing to remember (optional)","Satu hal yang perlu diingat (opsional)","Satu perkara untuk diingati (pilihan)","draft"
"dynamic.loading_achievements","","Loading achievements…","Memuat pencapaian…","Memuatkan pencapaian…","draft"
"dynamic.loading_store","","Could not load the store.","Toko tidak dapat dimuat.","Kedai tidak dapat dimuatkan.","draft"
"dynamic.try_moment","","Try again in a moment.","Coba lagi sebentar lagi.","Cuba lagi sebentar lagi.","draft"
"dynamic.buying","","Buying…","Membeli…","Membeli…","draft"
"guest.online_divider","","or play online without an account","atau main daring tanpa akun","atau main dalam talian tanpa akaun","draft"
"guest.online","","Play Online as Guest","Main Daring sebagai Tamu","Main Dalam Talian sebagai Tetamu","draft"
"guest.device_note","","Your guest identity stays on this browser and device. Clearing site data creates a new guest.","Identitas tamumu tersimpan di browser dan perangkat ini. Menghapus data situs akan membuat identitas tamu baru.","Identiti tetamu anda kekal pada pelayar dan peranti ini. Mengosongkan data laman akan mencipta tetamu baharu.","draft"
"guest.offline_divider","","or play offline","atau main luring","atau main di luar talian","draft"
"family.consent","","I am this child's parent or guardian and I consent to this account. Their play is protected: no analytics, chat with family only, and I can delete the account any time.","Saya adalah orang tua atau wali anak ini dan menyetujui akun ini. Permainan mereka dilindungi: tanpa analitik, obrolan hanya dengan keluarga, dan saya dapat menghapus akun kapan saja.","Saya ialah ibu bapa atau penjaga kanak-kanak ini dan saya bersetuju dengan akaun ini. Permainan mereka dilindungi: tiada analitik, sembang dengan keluarga sahaja dan saya boleh memadamkan akaun pada bila-bila masa.","draft"
"home.stats_journal","","Stats & Journal","Statistik & Jurnal","Statistik & Jurnal","draft"
"club.brand","","Ethan's Chess Club ♛","Klub Catur Ethan ♛","Kelab Catur Ethan ♛","draft"
"store.button","","🛍️ Coin Store","🛍️ Toko Koin","🛍️ Kedai Syiling","draft"
"leaderboard.signin","","Sign in to appear on the leaderboard →","Masuk agar muncul di papan peringkat →","Log masuk untuk muncul pada papan pendahulu →","draft"
"auth.sign_in_title_case","","Sign In","Masuk","Log Masuk","draft"
"profile.signin_copy","","See verified stats, leaderboard rank, match history, and friend options.","Lihat statistik terverifikasi, peringkat, riwayat pertandingan, dan opsi pertemanan.","Lihat statistik yang disahkan, kedudukan, sejarah perlawanan dan pilihan rakan.","draft"
"profile.snapshot_copy","","Rating, record, and community recognition in one clear view.","Rating, catatan, dan pengakuan komunitas dalam satu tampilan yang jelas.","Penarafan, rekod dan pengiktirafan komuniti dalam satu paparan yang jelas.","draft"
"profile.rating_help","","Starts at 1200. Results are weighted by the rating gap between opponents.","Dimulai dari 1200. Hasil dibobot berdasarkan selisih rating antarlawan.","Bermula pada 1200. Keputusan diberi pemberat berdasarkan jurang penarafan antara lawan.","draft"
"profile.current_strength","","Current playing strength","Kekuatan bermain saat ini","Kekuatan permainan semasa","draft"
"profile.alltime_position","","All-time position","Posisi sepanjang waktu","Kedudukan sepanjang masa","draft"
"profile.high_five_help","","High Fives received from opponents after a match.","Tos yang diterima dari lawan setelah pertandingan.","Tepuk Lima yang diterima daripada lawan selepas perlawanan.","draft"
"profile.received","","Received from opponents","Diterima dari lawan","Diterima daripada lawan","draft"
"profile.game_one_help","","Complete a game to unlock color, opponent, and advanced performance breakdowns.","Selesaikan satu permainan untuk membuka rincian warna, lawan, dan performa lanjutan.","Selesaikan satu permainan untuk membuka pecahan warna, lawan dan prestasi lanjutan.","draft"
"profile.account_safety_amp","","Account & Safety","Akun & Keamanan","Akaun & Keselamatan","draft"
"profile.blocked","","blocked","diblokir","disekat","draft"
"profile.manage_safety","","Manage players you blocked or permanently delete your account.","Kelola pemain yang kamu blokir atau hapus akun secara permanen.","Urus pemain yang anda sekat atau padamkan akaun anda secara kekal.","draft"
"profile.delete_lower","","Delete account","Hapus akun","Padam akaun","draft"
"profile.delete_help","","Request permanent deletion of your account and game data.","Minta penghapusan permanen akun dan data permainanmu.","Minta pemadaman kekal akaun dan data permainan anda.","draft"
"profile.deletion_help","","Your account is scheduled for deletion.","Akunmu dijadwalkan untuk dihapus.","Akaun anda dijadualkan untuk dipadamkan.","draft"
"history.signin","","Sign in to view match history","Masuk untuk melihat riwayat pertandingan","Log masuk untuk melihat sejarah perlawanan","draft"
"history.signin_help","","Completed games and replays will appear here after you sign in.","Permainan selesai dan tayangan ulang akan muncul di sini setelah kamu masuk.","Permainan selesai dan ulang tayang akan muncul di sini selepas anda log masuk.","draft"
"journal.description","","Look back at your games, celebrate your best moves, learn from the rough ones — and turn mistakes into practice. Your reflections are private.","Tinjau kembali permainanmu, rayakan langkah terbaik, pelajari langkah yang kurang baik — dan ubah kesalahan menjadi latihan. Refleksimu bersifat pribadi.","Lihat semula permainan anda, raikan langkah terbaik, pelajari langkah yang sukar — dan jadikan kesilapan sebagai latihan. Refleksi anda adalah peribadi.","draft"
"gus.resident_bot","","Resident Bot","Bot Tetap","Bot Tetap","draft"
"gus.name","","Gambit Gus","Gambit Gus","Gambit Gus","draft"
"gus.play","","♞ Play Gus Now","♞ Lawan Gus Sekarang","♞ Main dengan Gus Sekarang","draft"
"gus.closed","","Gus’s table is closed right now — check back soon.","Meja Gus sedang tutup — periksa lagi sebentar lagi.","Meja Gus sedang ditutup — sila semak semula tidak lama lagi.","draft"
"gus.training","","Training","Latihan","Latihan","draft"
"gus.matches","","Matches","Pertandingan","Perlawanan","draft"
"gus.how_plays","","How Gus plays","Cara Gus bermain","Cara Gus bermain","draft"
"gus.record","","Record","Catatan","Rekod","draft"
"gus.win_rate","","Win rate","Tingkat kemenangan","Kadar kemenangan","draft"
"gus.strength","","Strength","Kekuatan","Kekuatan","draft"
"gus.form","","Form","Performa","Prestasi","draft"
"gus.brain","","Brain","Otak","Otak","draft"
"gus.knows","","What Gus knows about you","Apa yang Gus ketahui tentangmu","Perkara yang Gus tahu tentang anda","draft"
"gus.journal","","Gus’s Training Journal","Jurnal Latihan Gus","Jurnal Latihan Gus","draft"
"gus.evidence","","evidence-labeled training notes","catatan latihan berlabel bukti","nota latihan berlabel bukti","draft"
"gus.how_trains","","How Gus Trains","Cara Gus Berlatih","Cara Gus Berlatih","draft"
"gus.training_copy","","On each successful scheduled review, Gus backfills every unstudied completed game, checks candidate opening lines, and only promotes changes that pass his evidence gate.","Pada setiap tinjauan terjadwal yang berhasil, Gus mempelajari semua permainan selesai yang belum ditinjau, memeriksa kandidat pembukaan, dan hanya menerapkan perubahan yang lolos pemeriksaan bukti.","Pada setiap semakan berjadual yang berjaya, Gus mengkaji semua permainan selesai yang belum dipelajari, menyemak calon pembukaan dan hanya menerima perubahan yang melepasi penilaian bukti.","draft"
"gus.games_studied","","Games studied","Permainan dipelajari","Permainan dikaji","draft"
"gus.book_lines","","Book lines","Varian buku","Jalur buku","draft"
"gus.scouted","","Scouted","Dipantau","Ditinjau","draft"
"gus.lessons","","Lessons learned","Pelajaran yang dipetik","Pelajaran dipelajari","draft"
"gus.opening","","Opening repertoire","Repertoar pembukaan","Repertoir pembukaan","draft"
"gus.recent_matches","","Recent Matches","Pertandingan Terbaru","Perlawanan Terkini","draft"
"club.membership","","Membership","Keanggotaan","Keahlian","draft"
"club.change_plan","","‹ Change plan","‹ Ubah paket","‹ Tukar pelan","draft"
"club.loading_payment","","Loading secure payment form…","Memuat formulir pembayaran aman…","Memuatkan borang pembayaran selamat…","draft"
"club.manage","","Manage subscription","Kelola langganan","Urus langganan","draft"
"club.restore","","Restore Purchases","Pulihkan Pembelian","Pulihkan Pembelian","draft"
"club.terms_note","","Monthly plans auto-renew until cancelled; you can cancel anytime and keep access until the period ends. Ethan Coins have no cash value and are non-refundable and non-transferable outside gifting. See the","Paket bulanan diperpanjang otomatis hingga dibatalkan; kamu dapat membatalkan kapan saja dan tetap memiliki akses sampai periode berakhir. Koin Ethan tidak memiliki nilai tunai, tidak dapat dikembalikan, dan tidak dapat dipindahtangankan selain sebagai hadiah. Lihat","Pelan bulanan diperbaharui secara automatik sehingga dibatalkan; anda boleh membatalkan pada bila-bila masa dan mengekalkan akses sehingga tempoh berakhir. Syiling Ethan tiada nilai tunai, tidak boleh dikembalikan dan tidak boleh dipindah milik kecuali sebagai hadiah. Lihat","draft"
"club.terms_suffix","","for details.","untuk detailnya.","untuk butiran.","draft"
"social.offline","","Offline friends","Teman luring","Rakan luar talian","draft"
"social.offline_help","","Open a friend’s profile to view their stats and match history.","Buka profil teman untuk melihat statistik dan riwayat pertandingan mereka.","Buka profil rakan untuk melihat statistik dan sejarah perlawanan mereka.","draft"
"invite.create_play","","Create Account — Play Now","Buat Akun — Main Sekarang","Cipta Akaun — Main Sekarang","draft"
"auth.have_account_lower","","already have an account?","sudah punya akun?","sudah mempunyai akaun?","draft"
"auth.google_signin","","Sign in with Google","Masuk dengan Google","Log masuk dengan Google","draft"
"auth.apple_signin","","Sign in with Apple","Masuk dengan Apple","Log masuk dengan Apple","draft"
"auth.password_signin","","Log in with password","Masuk dengan kata sandi","Log masuk dengan kata laluan","draft"
"auth.forgot_lower","","Forgot password?","Lupa kata sandi?","Lupa kata laluan?","draft"
"auth.create_join","","Create an account to join","Buat akun untuk bergabung","Cipta akaun untuk menyertai","draft"
"auth.just_browsing","","← Just browsing","← Hanya melihat-lihat","← Sekadar melihat-lihat","draft"
"auth.pick_up","","Pick up where you left off with your username or email.","Lanjutkan dari tempat terakhir dengan nama pengguna atau emailmu.","Sambung dari tempat terakhir dengan nama pengguna atau e-mel anda.","draft"
"auth.prefer_google","","Prefer Google?","Lebih suka Google?","Lebih suka Google?","draft"
"auth.prefer_apple","","Prefer Apple?","Lebih suka Apple?","Lebih suka Apple?","draft"
"common.back_arrow","","← Back","← Kembali","← Kembali","draft"
"auth.reset_help","","Enter your account email and we’ll send you a verification code.","Masukkan email akunmu dan kami akan mengirimkan kode verifikasi.","Masukkan e-mel akaun anda dan kami akan menghantar kod pengesahan.","draft"
"auth.reset_instructions","","Check your email, then enter the verification code and a new password below.","Periksa emailmu, lalu masukkan kode verifikasi dan kata sandi baru di bawah.","Semak e-mel anda, kemudian masukkan kod pengesahan dan kata laluan baharu di bawah.","draft"
"auth.remembered","","Remembered it?","Sudah ingat?","Sudah ingat?","draft"
"auth.back_signin","","Back to sign in","Kembali untuk masuk","Kembali untuk log masuk","draft"
"auth.create_help","","Save your progress, invite friends, and join the leaderboard.","Simpan progres, undang teman, dan bergabunglah di papan peringkat.","Simpan kemajuan, jemput rakan dan sertai papan pendahulu.","draft"
"auth.terms_consent","","I agree to the Terms of Use and Community Standards, including the zero-tolerance rules for abusive or objectionable content.","Saya menyetujui Ketentuan Penggunaan dan Standar Komunitas, termasuk aturan tanpa toleransi terhadap konten kasar atau tidak pantas.","Saya bersetuju dengan Terma Penggunaan dan Piawaian Komuniti, termasuk peraturan toleransi sifar terhadap kandungan kesat atau tidak menyenangkan.","draft"
"child.ask_adult","","Ask a grown-up to set you up!","Minta orang dewasa menyiapkan akunmu!","Minta orang dewasa menyediakan akaun anda!","draft"
"child.instructions","","Players your age get their chess account from a parent or guardian. Here's what they do:","Pemain seusiamu mendapatkan akun catur dari orang tua atau wali. Berikut yang harus mereka lakukan:","Pemain seusia anda mendapatkan akaun catur daripada ibu bapa atau penjaga. Inilah yang perlu mereka lakukan:","draft"
"child.signin_step","","Sign in — or create their own free account","Masuk — atau buat akun gratis mereka sendiri","Log masuk — atau cipta akaun percuma mereka sendiri","draft"
"child.home_step","","on the home screen","di layar beranda","pada skrin utama","draft"
"child.tap","","Tap","Ketuk","Ketik","draft"
"child.add_account","","Add Child Account","Tambah Akun Anak","Tambah Akaun Kanak-kanak","draft"
"child.name_step","","and pick your player name together","dan pilih nama pemainmu bersama-sama","dan pilih nama pemain anda bersama-sama","draft"
"child.play_step","","Then you sign in and the whole family can play!","Lalu kamu masuk dan seluruh keluarga dapat bermain!","Kemudian anda log masuk dan seluruh keluarga boleh bermain!","draft"
"common.got_it","","Got it","Mengerti","Faham","draft"
"legal.intro","","Open each document, confirm your acceptance, and continue to Ethan's Chess.","Buka setiap dokumen, konfirmasikan persetujuanmu, lalu lanjutkan ke Catur Ethan.","Buka setiap dokumen, sahkan persetujuan anda dan teruskan ke Catur Ethan.","draft"
"legal.zero_reviewed","","0 of 0 reviewed","0 dari 0 ditinjau","0 daripada 0 disemak","draft"
"legal.accept_above","","Accept the documents above","Setujui dokumen di atas","Terima dokumen di atas","draft"
"legal.confirm_copy","","I confirm that I reviewed and agree to the current versions of all required documents.","Saya mengonfirmasi bahwa saya telah meninjau dan menyetujui versi terkini semua dokumen wajib.","Saya mengesahkan bahawa saya telah menyemak dan bersetuju dengan versi semasa semua dokumen yang diperlukan.","draft"
"legal.recorded","","Your acceptance is recorded securely with your AGS account. You can review it later from Privacy & Legal.","Persetujuanmu dicatat dengan aman di akun AGS. Kamu dapat meninjaunya nanti dari Privasi & Hukum.","Persetujuan anda direkodkan dengan selamat pada akaun AGS. Anda boleh menyemaknya kemudian melalui Privasi & Undang-undang.","draft"
"legal.review_continue","","Review documents to continue","Tinjau dokumen untuk melanjutkan","Semak dokumen untuk meneruskan","draft"
"setup.color_help","","Choose which side of the board you want to play.","Pilih sisi papan yang ingin kamu mainkan.","Pilih bahagian papan yang anda mahu mainkan.","draft"
"setup.difficulty_help","","You can start another game at a different level any time.","Kamu dapat memulai permainan lain dengan tingkat berbeda kapan saja.","Anda boleh memulakan permainan lain pada tahap berbeza pada bila-bila masa.","draft"
"journal.back","","← Back to Journal","← Kembali ke Jurnal","← Kembali ke Jurnal","draft"
"coach.warning","","Hmm — that move gives something away. Want another look?","Hmm — langkah itu membuatmu kehilangan sesuatu. Mau melihat lagi?","Hmm — langkah itu melepaskan sesuatu. Mahu lihat semula?","draft"
"coach.take_back","","↩ Take it back","↩ Tarik kembali","↩ Tarik balik","draft"
"coach.play_on","","Play on","Lanjut bermain","Teruskan bermain","draft"
"game.chat_unlock","","Chat unlocks when you and your opponent are friends.","Obrolan terbuka saat kamu dan lawan sudah berteman.","Sembang dibuka apabila anda dan lawan menjadi rakan.","draft"
"game.chat_online","","Chat is available in online games.","Obrolan tersedia dalam permainan daring.","Sembang tersedia dalam permainan dalam talian.","draft"
"game.wait_gus","","♞ While you wait, meet Gambit Gus →","♞ Sambil menunggu, kenali Gambit Gus →","♞ Sementara menunggu, temui Gambit Gus →","draft"
"common.cancel_arrow","","← Cancel","← Batal","← Batal","draft"
"game.send_invite","","Send Invite","Kirim Undangan","Hantar Jemputan","draft"
"contact.add","","+ Add Contact","+ Tambah Kontak","+ Tambah Kenalan","draft"
"game.versus","","vs","lawan","lwn.","draft"
"common.prev","","Prev","Sebelumnya","Sebelumnya","draft"
"review.analysis","","Move Analysis","Analisis Langkah","Analisis Langkah","draft"
"review.live","","Live · updates every 3 seconds","Langsung · diperbarui setiap 3 detik","Langsung · dikemas kini setiap 3 saat","draft"
"game.promote_help","","Choose the piece to promote to:","Pilih buah catur untuk promosi:","Pilih buah catur untuk dinaikkan pangkat:","draft"
"game.add_opponent_title","","Add Opponent","Tambah Lawan","Tambah Lawan","draft"
"journal.reflect","","📓 Reflect in your journal","📓 Refleksikan dalam jurnalmu","📓 Catat refleksi dalam jurnal anda","draft"
"review.game","","🔍 Review game","🔍 Tinjau permainan","🔍 Semak permainan","draft"
"resume.prefix","","You have a game in progress vs","Kamu memiliki permainan yang sedang berlangsung melawan","Anda mempunyai permainan yang sedang berlangsung menentang","draft"
"resume.opponent","","Opponent","Lawan","Lawan","draft"
"resume.suffix","",". Resume it?","。Lanjutkan?","。Sambung semula?","draft"
"safety.choose","","Choose an action for this opponent.","Pilih tindakan untuk lawan ini.","Pilih tindakan untuk lawan ini.","draft"
"safety.tell","","Tell us what happened.","Ceritakan apa yang terjadi.","Beritahu kami apa yang berlaku.","draft"
"safety.block_after","","Block this player after reporting","Blokir pemain ini setelah melapor","Sekat pemain ini selepas membuat laporan","draft"
"deletion.warning","","Permanently deleting your account removes access to your profile, friends, stats, achievements, and match history. This cannot be undone.","Menghapus akun secara permanen akan menghilangkan akses ke profil, teman, statistik, pencapaian, dan riwayat pertandingan. Tindakan ini tidak dapat dibatalkan.","Memadamkan akaun secara kekal akan menghapus akses kepada profil, rakan, statistik, pencapaian dan sejarah perlawanan. Tindakan ini tidak boleh dibatalkan.","draft"
"deletion.type","","Type","Ketik","Taip","draft"
"deletion.confirm_word","","DELETE","HAPUS","PADAM","draft"
"deletion.to_confirm","","to confirm","untuk mengonfirmasi","untuk mengesahkan","draft"
"deletion.button","","Delete My Account","Hapus Akun Saya","Padam Akaun Saya","draft"
"queue.copy","","Our servers are busy right now. We'll sign you in automatically the moment it's your turn — no need to retry.","Server kami sedang sibuk. Kami akan memasukkanmu secara otomatis saat giliranmu tiba — tidak perlu mencoba lagi.","Pelayan kami sedang sibuk. Kami akan melog masuk anda secara automatik apabila tiba giliran anda — tidak perlu mencuba semula.","draft"
"rematch.badge","","🔄 Rematch","🔄 Tanding Ulang","🔄 Perlawanan Semula","draft"
"rematch.copy","","Your opponent wants a rematch!","Lawanmu ingin bertanding ulang!","Lawan anda mahu perlawanan semula!","draft"
"invite.match","","Match Invite","Undangan Pertandingan","Jemputan Perlawanan","draft"
"invite.friend","","A friend invited you to play","Seorang teman mengundangmu bermain","Seorang rakan menjemput anda bermain","draft"
"invite.accept_now","","Accept to join the match now.","Terima untuk bergabung dalam pertandingan sekarang.","Terima untuk menyertai perlawanan sekarang.","draft"
"family.time","","👨‍👩‍👧 Family Time","👨‍👩‍👧 Waktu Keluarga","👨‍👩‍👧 Masa Keluarga","draft"
"family.online","","A family member is online","Seorang anggota keluarga sedang daring","Seorang ahli keluarga sedang dalam talian","draft"
"family.play_copy","","Up for a game together?","Mau bermain bersama?","Mahu bermain bersama?","draft"
"common.play_now","","Play Now","Main Sekarang","Main Sekarang","draft"
"common.not_now","","Not Now","Nanti Saja","Bukan Sekarang","draft"
"video.connecting","","Connecting","Menghubungkan","Menyambung","draft"
"video.high_quality","","High quality","Kualitas tinggi","Kualiti tinggi","draft"
"video.start_help","","Tap to start video and audio","Ketuk untuk memulai video dan audio","Ketik untuk memulakan video dan audio","draft"
"video.default_microphone","","Default microphone","Mikrofon bawaan","Mikrofon lalai","draft"
"video.default_camera","","Default camera","Kamera bawaan","Kamera lalai","draft"
"video.switch_camera","","Switch front/back camera","Ganti kamera depan/belakang","Tukar kamera depan/belakang","draft"
"video.title_emoji","","📹 Video Chat","📹 Obrolan Video","📹 Sembang Video","draft"
"video.invite","","Your opponent wants to video chat","Lawanmu ingin mengobrol lewat video","Lawan anda mahu bersembang melalui video","draft"
"privacy.analytics_help","","Help improve Ethan's Chess by sharing device, session, referral, and gameplay events with AccelByte. No advertising.","Bantu tingkatkan Catur Ethan dengan membagikan peristiwa perangkat, sesi, rujukan, dan permainan kepada AccelByte. Tanpa iklan.","Bantu tingkatkan Catur Ethan dengan berkongsi peristiwa peranti, sesi, rujukan dan permainan dengan AccelByte. Tiada pengiklanan.","draft"
"privacy.center_help","","Review the documents that govern Ethan's Chess or change optional analytics at any time.","Tinjau dokumen yang mengatur Catur Ethan atau ubah analitik opsional kapan saja.","Semak dokumen yang mengawal Catur Ethan atau ubah analitik pilihan pada bila-bila masa.","draft"
"privacy.contact_prefix","","For safety, account, privacy, or gameplay concerns, email","Untuk masalah keamanan, akun, privasi, atau permainan, kirim email ke","Untuk isu keselamatan, akaun, privasi atau permainan, e-mel","draft"
"privacy.support_contact","","Support & Contact","Dukungan & Kontak","Sokongan & Hubungan","draft"
"privacy.analytics_choice","","Share device, session, referral, and gameplay events with AccelByte to improve the game. This is not used for advertising.","Bagikan peristiwa perangkat, sesi, rujukan, dan permainan dengan AccelByte untuk meningkatkan permainan. Data ini tidak digunakan untuk iklan.","Kongsi peristiwa peranti, sesi, rujukan dan permainan dengan AccelByte untuk menambah baik permainan. Ini tidak digunakan untuk pengiklanan.","draft"
"toast.invite_join_help","","They're ready to play — check your Friends panel.","Mereka siap bermain — periksa panel Temanmu.","Mereka sedia bermain — semak panel Rakan anda.","draft"
"family.child_intro_before","","Create a protected account for your child. You keep the sign-in details; password resets go to ","Buat akun terlindungi untuk anak Anda. Anda menyimpan detail masuk; pengaturan ulang kata sandi dikirim ke ","Cipta akaun dilindungi untuk anak anda. Anda menyimpan butiran log masuk; tetapan semula kata laluan dihantar ke ","draft"
"family.child_intro_emphasis","","your","email Anda","e-mel anda","draft"
"family.child_intro_after",""," email.",".",".","draft"
"common.this_week_lower","","This week","Minggu ini","Minggu ini","draft"
"meta.og_title","","Ethan's Chess — Play with Friends","Catur Ethan — Main bersama Teman","Catur Ethan — Main bersama Rakan","draft"
"meta.og_description","","Real-time multiplayer chess with friends and family, anywhere in the world. Leaderboards, video chat, random matchmaking — free.","Catur multipemain waktu nyata bersama teman dan keluarga di mana pun. Papan peringkat, obrolan video, pencarian lawan acak — gratis.","Catur berbilang pemain masa nyata bersama rakan dan keluarga di mana-mana sahaja. Papan pendahulu, sembang video, pencarian lawan rawak — percuma.","draft"
"meta.twitter_description","","Real-time multiplayer chess with friends and family, anywhere in the world.","Catur multipemain waktu nyata bersama teman dan keluarga di mana pun.","Catur berbilang pemain masa nyata bersama rakan dan keluarga di mana-mana sahaja.","draft"
"a11y.leaderboard_range","","Leaderboard time range","Rentang waktu papan peringkat","Julat masa papan pendahulu","draft"
"a11y.profile_sections","","Profile sections","Bagian profil","Bahagian profil","draft"
"a11y.chess_stats","","Chess stats","Statistik catur","Statistik catur","draft"
"a11y.player_connection","","Player connection","Koneksi pemain","Hubungan pemain","draft"
"a11y.filter_result","","Filter by result","Filter berdasarkan hasil","Tapis mengikut keputusan","draft"
"a11y.filter_color","","Filter by color","Filter berdasarkan warna","Tapis mengikut warna","draft"
"a11y.filter_mode","","Filter by mode","Filter berdasarkan mode","Tapis mengikut mod","draft"
"a11y.history_pages","","Match history pages","Halaman riwayat pertandingan","Halaman sejarah perlawanan","draft"
"a11y.history_previous","","Previous match history page","Halaman riwayat pertandingan sebelumnya","Halaman sejarah perlawanan sebelumnya","draft"
"a11y.history_next","","Next match history page","Halaman riwayat pertandingan berikutnya","Halaman sejarah perlawanan seterusnya","draft"
"a11y.journal_range","","Journal time range","Rentang waktu jurnal","Julat masa jurnal","draft"
"a11y.gus_details","","Gambit Gus details","Detail Gambit Gus","Butiran Gambit Gus","draft"
"a11y.documents_reviewed","","Documents reviewed","Dokumen ditinjau","Dokumen disemak","draft"
"a11y.close_document","","Close document","Tutup dokumen","Tutup dokumen","draft"
"a11y.setup_one","","Game setup, step 1 of 3","Pengaturan permainan, langkah 1 dari 3","Persediaan permainan, langkah 1 daripada 3","draft"
"a11y.setup_two","","Game setup, step 2 of 3","Pengaturan permainan, langkah 2 dari 3","Persediaan permainan, langkah 2 daripada 3","draft"
"a11y.setup_three","","Game setup, step 3 of 3","Pengaturan permainan, langkah 3 dari 3","Persediaan permainan, langkah 3 daripada 3","draft"
"a11y.material","","Material balance","Keseimbangan materi","Keseimbangan material","draft"
"a11y.black_time","","Black time used","Waktu yang digunakan Hitam","Masa yang digunakan Hitam","draft"
"a11y.white_time","","White time used","Waktu yang digunakan Putih","Masa yang digunakan Putih","draft"
"a11y.match_controls","","Match information and controls","Informasi dan kontrol pertandingan","Maklumat dan kawalan perlawanan","draft"
"a11y.match_panel","","Match panel","Panel pertandingan","Panel perlawanan","draft"
"a11y.start","","Start","Mulai","Mula","draft"
"a11y.previous_move","","Previous move","Langkah sebelumnya","Langkah sebelumnya","draft"
"a11y.next_move","","Next move","Langkah berikutnya","Langkah seterusnya","draft"
"a11y.end","","End","Akhir","Tamat","draft"
"placeholder.safety_details","","Do not include passwords or other sensitive information.","Jangan sertakan kata sandi atau informasi sensitif lainnya.","Jangan sertakan kata laluan atau maklumat sensitif lain.","draft"
"a11y.video_call","","Video call","Panggilan video","Panggilan video","draft"
"a11y.enlarge_call","","Enlarge call window","Perbesar jendela panggilan","Besarkan tetingkap panggilan","draft"
"a11y.resize_call","","Resize call window","Ubah ukuran jendela panggilan","Ubah saiz tetingkap panggilan","draft"
"a11y.remote_video","","Other player video","Video pemain lain","Video pemain lain","draft"
"a11y.local_video","","Your camera preview","Pratinjau kameramu","Pratonton kamera anda","draft"
"a11y.call_microphone","","Call microphone","Mikrofon panggilan","Mikrofon panggilan","draft"
"a11y.call_camera","","Call camera","Kamera panggilan","Kamera panggilan","draft"
"a11y.mute_mic","","Mute mic","Bisukan mikrofon","Senyapkan mikrofon","draft"
"a11y.toggle_camera","","Toggle camera","Aktifkan/nonaktifkan kamera","Hidupkan/matikan kamera","draft"
"a11y.call_devices","","Call devices","Perangkat panggilan","Peranti panggilan","draft"
"a11y.choose_devices","","Choose microphone and camera","Pilih mikrofon dan kamera","Pilih mikrofon dan kamera","draft"
